{
    "login": {
        "signInBtn": "//*[.='Sign In']",
        "email": "#username",
        "nextBtn": "[name=next]",
        "password": "#password",
        "learnHat": "//*[contains(@src,'learn')]"
    },
    "myTeam": {
        "courseCard": "//*[contains(.,'courseType')]/ancestor::mat-card//a[contains(.,'link')]"
    },
    "registrationPopup":{
        "user": "//mat-list-item//img[@title='userType']/ancestor::mat-list-item",
        "userCheckbox": "//mat-checkbox",
        "selectedUserNames" : "//mat-chip/*[contains(@class,'user')]"
    },
    "generic":{
        "row": "//tbody/tr",
        "notContains": "not(contains(.,'text'))",
        "contains": "contains(.,'text'))",
        "textInSpan": "//span[.='text']",
        "textInDiv": "//div[.='text']",
        "text": "//*[.='text']"
    },
    "URL": {
        "myTeam": "/#/Learn/Manager/"
    },
    "API": {
        "AddCourseRegistration" : {"requestID": "courseRegistration"}
    }
}