{
  "cookies": [
    {
      "name": "_octo",
      "value": "GH1.1.2033479901.1659603745",
      "domain": ".github.com",
      "path": "/",
      "expires": 1691139750.492105,
      "httpOnly": false,
      "secure": true,
      "sameSite": "Lax"
    },
    {
      "name": "tz",
      "value": "Asia%2FCalcutta",
      "domain": ".github.com",
      "path": "/",
      "expires": -1,
      "httpOnly": false,
      "secure": true,
      "sameSite": "Lax"
    },
    {
      "name": "_device_id",
      "value": "84ff7051878e6d0f172e88f7f75bdd18",
      "domain": "github.com",
      "path": "/",
      "expires": 1691139755.513808,
      "httpOnly": true,
      "secure": true,
      "sameSite": "Lax"
    },
    {
      "name": "preferred_color_mode",
      "value": "light",
      "domain": ".github.com",
      "path": "/",
      "expires": -1,
      "httpOnly": false,
      "secure": true,
      "sameSite": "Lax"
    },
    {
      "name": "user_session",
      "value": "cBOD9cok2Xvo6XcPuXCTUH7qWBv-HyixRKG6y9FA7VFEuVGU",
      "domain": "github.com",
      "path": "/",
      "expires": 1661012237.594579,
      "httpOnly": true,
      "secure": true,
      "sameSite": "Lax"
    },
    {
      "name": "__Host-user_session_same_site",
      "value": "cBOD9cok2Xvo6XcPuXCTUH7qWBv-HyixRKG6y9FA7VFEuVGU",
      "domain": "github.com",
      "path": "/",
      "expires": 1661012237.594704,
      "httpOnly": true,
      "secure": true,
      "sameSite": "Strict"
    },
    {
      "name": "tz",
      "value": "Asia%2FCalcutta",
      "domain": "github.com",
      "path": "/",
      "expires": -1,
      "httpOnly": true,
      "secure": true,
      "sameSite": "Lax"
    },
    {
      "name": "color_mode",
      "value": "%7B%22color_mode%22%3A%22dark%22%2C%22light_theme%22%3A%7B%22name%22%3A%22light%22%2C%22color_mode%22%3A%22light%22%7D%2C%22dark_theme%22%3A%7B%22name%22%3A%22dark_high_contrast%22%2C%22color_mode%22%3A%22dark%22%7D%7D",
      "domain": ".github.com",
      "path": "/",
      "expires": -1,
      "httpOnly": true,
      "secure": true,
      "sameSite": "Lax"
    },
    {
      "name": "logged_in",
      "value": "yes",
      "domain": ".github.com",
      "path": "/",
      "expires": 1691139757.622823,
      "httpOnly": true,
      "secure": true,
      "sameSite": "Lax"
    },
    {
      "name": "dotcom_user",
      "value": "Shanmuktej",
      "domain": ".github.com",
      "path": "/",
      "expires": 1691139757.623085,
      "httpOnly": true,
      "secure": true,
      "sameSite": "Lax"
    },
    {
      "name": "Indigo-SmS-Auth-Token",
      "value": "j2fq7asia8qdt02hq6jcjeb3vj",
      "domain": "www.github.com",
      "path": "/",
      "expires": -1,
      "httpOnly": false,
      "secure": true,
      "sameSite": "Lax"
    },
    {
      "name": "has_recent_activity",
      "value": "1",
      "domain": "github.com",
      "path": "/",
      "expires": 1659806243.395133,
      "httpOnly": true,
      "secure": true,
      "sameSite": "Lax"
    },
    {
      "name": "_gh_sess",
      "value": "%2FnOx6Y%2B7MxJw3149dO8CKiIekphOha5w9oQXM07ft9bfesWjtRObEs6KMAvvJ5hzV5Mb9y8ae49sV%2FFlE%2B3dSNmBwM9LBzJVApBWcCyRGP5%2BMqYpOj5P6%2BEOv6t3HG8%2B9Tj4yI1mtrgpetcqloxssUtK2JcpGgUJnYxoWAsuy0p8mE2Gv7yUC5HkeQlu8rB46tZE3oeaZdng2c60Lf7aj1lOX%2BTfkbZvxgh84usIKmFf0dgsypnEWkJ0nBzMewkpLQL6pejFKqNJ6Z2Onf48ojF6%2F3jB6omMDFwGGUDrqih1WBm8hbIc4wOc4FsHFA1N2HFTlv3j%2FDwYxviVRnoz%2FQSjpF%2BxyPf587oHXr97FM1kB%2BZ7kHg8%2FO5Dz2wC4xB6xhlafwbZqzxJ82VrsY77K3KwMK%2FjedKwYDwNL%2BSezZVnxJbLa0VST5TlfdZ1Edwc8r%2BFuDL%2FgxRYX2ZRqGvmDGeR47YsCewHrmx1XmIFxJsmewImUWAJKXvwDMsp%2FfDIQQLLENmkMKFk6mnWnjVU84oq8UuyauPV6ySMSPsLAtSsFgxschlZo2%2F9UqClp5fO%2F0fH06UjyWo02U9l5Wu0lEULCkBy4ia7cU9um0xaf8FpEi%2BYcPx7a%2FfGyOqDGcXNBpOZJzMCCh4WFNguwrWGUuYCmzHBAf3rXnvxjavrw%2Bmtc8as%2BJ%2FPM4YofEFO%2F6D1RlCBqon57sP5tU61DFIU57MeuwZd6lsGSSJZS1AiNEKXUhFuus7FNYQA2m4d33bmUxxF2Q%3D%3D--4ecd4TsvBNxyZYIf--T9wUActtZV8AG0aedcxhfw%3D%3D",
      "domain": "github.com",
      "path": "/",
      "expires": -1,
      "httpOnly": true,
      "secure": true,
      "sameSite": "Lax"
    }
  ],
  "origins": [
    {
      "origin": "https://github.com",
      "localStorage": [
        {
          "name": "bundle-urls",
          "value": "{\"runtime.js\":\"https://github.githubassets.com/assets/runtime-9e43d99a51a2.js\",\"vendors-node_modules_manuelpuyol_turbo_dist_turbo_es2017-esm_js.js\":\"https://github.githubassets.com/assets/vendors-node_modules_manuelpuyol_turbo_dist_turbo_es2017-esm_js-8af9baefab9e.js\",\"vendors-node_modules_stacktrace-parser_dist_stack-trace-parser_esm_js-node_modules_github_bro-a4c183.js\":\"https://github.githubassets.com/assets/vendors-node_modules_stacktrace-parser_dist_stack-trace-parser_esm_js-node_modules_github_bro-a4c183-181e23c2df1f.js\",\"environment.js\":\"https://github.githubassets.com/assets/environment-9019271d3068.js\",\"vendors-node_modules_selector-observer_dist_index_esm_js.js\":\"https://github.githubassets.com/assets/vendors-node_modules_selector-observer_dist_index_esm_js-650337916dbd.js\",\"vendors-node_modules_delegated-events_dist_index_js-node_modules_github_details-dialog-elemen-63debe.js\":\"https://github.githubassets.com/assets/vendors-node_modules_delegated-events_dist_index_js-node_modules_github_details-dialog-elemen-63debe-4a2f37f7419e.js\",\"vendors-node_modules_github_filter-input-element_dist_index_js-node_modules_github_remote-inp-c7e9ed.js\":\"https://github.githubassets.com/assets/vendors-node_modules_github_filter-input-element_dist_index_js-node_modules_github_remote-inp-c7e9ed-216dc9b1e3b4.js\",\"vendors-node_modules_github_catalyst_lib_index_js-node_modules_github_time-elements_dist_index_js.js\":\"https://github.githubassets.com/assets/vendors-node_modules_github_catalyst_lib_index_js-node_modules_github_time-elements_dist_index_js-38c36a597184.js\",\"vendors-node_modules_github_clipboard-copy-element_dist_index_esm_js-node_modules_github_mark-f079ea.js\":\"https://github.githubassets.com/assets/vendors-node_modules_github_clipboard-copy-element_dist_index_esm_js-node_modules_github_mark-f079ea-d2ca5ba91946.js\",\"vendors-node_modules_github_file-attachment-element_dist_index_js-node_modules_primer_view-co-b3d32f.js\":\"https://github.githubassets.com/assets/vendors-node_modules_github_file-attachment-element_dist_index_js-node_modules_primer_view-co-b3d32f-c2519e20e5b9.js\",\"github-elements.js\":\"https://github.githubassets.com/assets/github-elements-146457231523.js\",\"element-registry.js\":\"https://github.githubassets.com/assets/element-registry-6ee6fc3d9b5a.js\",\"vendors-node_modules_lit-html_lit-html_js.js\":\"https://github.githubassets.com/assets/vendors-node_modules_lit-html_lit-html_js-e954e8c01c93.js\",\"vendors-node_modules_github_mini-throttle_dist_index_js-node_modules_github_hotkey_dist_index-9f48bd.js\":\"https://github.githubassets.com/assets/vendors-node_modules_github_mini-throttle_dist_index_js-node_modules_github_hotkey_dist_index-9f48bd-dd8913ac65b0.js\",\"vendors-node_modules_github_remote-form_dist_index_js-node_modules_github_catalyst_lib_index_-bd1f73.js\":\"https://github.githubassets.com/assets/vendors-node_modules_github_remote-form_dist_index_js-node_modules_github_catalyst_lib_index_-bd1f73-6256737c3b34.js\",\"vendors-node_modules_github_paste-markdown_dist_index_esm_js-node_modules_koddsson_textarea-c-586f78.js\":\"https://github.githubassets.com/assets/vendors-node_modules_github_paste-markdown_dist_index_esm_js-node_modules_koddsson_textarea-c-586f78-578f8ad766a6.js\",\"vendors-node_modules_github_quote-selection_dist_index_js-node_modules_github_session-resume_-1c1fef.js\":\"https://github.githubassets.com/assets/vendors-node_modules_github_quote-selection_dist_index_js-node_modules_github_session-resume_-1c1fef-558d82cee48e.js\",\"app_assets_modules_github_soft-nav_navigate_ts.js\":\"https://github.githubassets.com/assets/app_assets_modules_github_soft-nav_navigate_ts-8afe7373ae82.js\",\"app_assets_modules_github_behaviors_keyboard-shortcuts-helper_ts-app_assets_modules_github_di-9b8a64.js\":\"https://github.githubassets.com/assets/app_assets_modules_github_behaviors_keyboard-shortcuts-helper_ts-app_assets_modules_github_di-9b8a64-314aa5954d73.js\",\"app_assets_modules_github_behaviors_task-list_ts-app_assets_modules_github_has-interactions_t-0091d6.js\":\"https://github.githubassets.com/assets/app_assets_modules_github_behaviors_task-list_ts-app_assets_modules_github_has-interactions_t-0091d6-b057f2423ab5.js\",\"app_assets_modules_github_behaviors_details_ts-app_assets_modules_github_behaviors_include-fr-29e9d6.js\":\"https://github.githubassets.com/assets/app_assets_modules_github_behaviors_details_ts-app_assets_modules_github_behaviors_include-fr-29e9d6-dbfc996dbb1a.js\",\"app_assets_modules_github_behaviors_commenting_edit_ts-app_assets_modules_github_behaviors_ht-83c235.js\":\"https://github.githubassets.com/assets/app_assets_modules_github_behaviors_commenting_edit_ts-app_assets_modules_github_behaviors_ht-83c235-db7959b5fff9.js\",\"behaviors.js\":\"https://github.githubassets.com/assets/behaviors-2cfceced35e4.js\",\"vendors-node_modules_delegated-events_dist_index_js-node_modules_github_catalyst_lib_index_js-57c13e1.js\":\"https://github.githubassets.com/assets/vendors-node_modules_delegated-events_dist_index_js-node_modules_github_catalyst_lib_index_js-57c13e1-7788546df436.js\",\"notifications-global.js\":\"https://github.githubassets.com/assets/notifications-global-3cdb44ad6ab5.js\",\"app_assets_modules_marketing_animate-type_ts.js\":\"https://github.githubassets.com/assets/app_assets_modules_marketing_animate-type_ts-423b25315125.js\",\"marketing.js\":\"https://github.githubassets.com/assets/marketing-ddb6068e1ef0.js\",\"home.js\":\"https://github.githubassets.com/assets/home-0311d205af0b.js\",\"vendors-node_modules_github_webgl-globe_dist_js_main_js.js\":\"https://github.githubassets.com/assets/vendors-node_modules_github_webgl-globe_dist_js_main_js-8dc1957e5bb1.js\",\"webgl-globe.js\":\"https://github.githubassets.com/assets/webgl-globe-d9a3329d3745.js\",\"vendors-node_modules_github_remote-form_dist_index_js-node_modules_delegated-events_dist_inde-94fd67.js\":\"https://github.githubassets.com/assets/vendors-node_modules_github_remote-form_dist_index_js-node_modules_delegated-events_dist_inde-94fd67-5ee3d16c655e.js\",\"sessions.js\":\"https://github.githubassets.com/assets/sessions-09e8d6375c3f.js\",\"light.css\":\"https://github.githubassets.com/assets/light-5178aee0ee76.css\",\"dark.css\":\"https://github.githubassets.com/assets/dark-217d4f9c8e70.css\",\"primer.css\":\"https://github.githubassets.com/assets/primer-494ab2110a2a.css\",\"global.css\":\"https://github.githubassets.com/assets/global-5a9114f3bf45.css\",\"github.css\":\"https://github.githubassets.com/assets/github-82b524748602.css\",\"dashboard.css\":\"https://github.githubassets.com/assets/dashboard-e17c5848455d.css\",\"site.css\":\"https://github.githubassets.com/assets/site-4a336742e4be.css\",\"home.css\":\"https://github.githubassets.com/assets/home-9e65dda82635.css\",\"vendors-node_modules_github_filter-input-element_dist_index_js-node_modules_github_mini-throt-1b17ee.js\":\"https://github.githubassets.com/assets/vendors-node_modules_github_filter-input-element_dist_index_js-node_modules_github_mini-throt-1b17ee-2ea7206a1658.js\",\"app_assets_modules_github_has-interactions_ts-app_assets_modules_github_history_ts-app_assets-94cfe1.js\":\"https://github.githubassets.com/assets/app_assets_modules_github_has-interactions_ts-app_assets_modules_github_history_ts-app_assets-94cfe1-d1008f4000f7.js\",\"settings.js\":\"https://github.githubassets.com/assets/settings-63160baa2b36.js\",\"dashboard.js\":\"https://github.githubassets.com/assets/dashboard-6f8b9b644c0e.js\",\"vendors-node_modules_github_clipboard-copy-element_dist_index_esm_js-node_modules_delegated-e-e4591b.js\":\"https://github.githubassets.com/assets/vendors-node_modules_github_clipboard-copy-element_dist_index_esm_js-node_modules_delegated-e-e4591b-7e31e577e555.js\",\"command-palette.js\":\"https://github.githubassets.com/assets/command-palette-48ecf279562f.js\",\"dark_high_contrast.css\":\"https://github.githubassets.com/assets/dark_high_contrast-1c8575b36644.css\",\"vendors-node_modules_github_mini-throttle_dist_decorators_js-node_modules_github_catalyst_lib-6e1996.js\":\"https://github.githubassets.com/assets/vendors-node_modules_github_mini-throttle_dist_decorators_js-node_modules_github_catalyst_lib-6e1996-adefe227d603.js\",\"vendors-node_modules_delegated-events_dist_index_js-node_modules_github_catalyst_lib_index_js-06ff532.js\":\"https://github.githubassets.com/assets/vendors-node_modules_delegated-events_dist_index_js-node_modules_github_catalyst_lib_index_js-06ff532-84c7410be568.js\",\"vendors-node_modules_delegated-events_dist_index_js-node_modules_github_catalyst_lib_index_js-06ff530.js\":\"https://github.githubassets.com/assets/vendors-node_modules_delegated-events_dist_index_js-node_modules_github_catalyst_lib_index_js-06ff530-df04ba69a28d.js\",\"app_assets_modules_github_discussions_voting_ts-app_assets_modules_github_fetch_ts-app_assets-bb2970.js\":\"https://github.githubassets.com/assets/app_assets_modules_github_discussions_voting_ts-app_assets_modules_github_fetch_ts-app_assets-bb2970-01f233f4a4a9.js\",\"vendors-node_modules_github_mini-throttle_dist_decorators_js-node_modules_github_command-pale-4090c9.js\":\"https://github.githubassets.com/assets/vendors-node_modules_github_mini-throttle_dist_decorators_js-node_modules_github_command-pale-4090c9-7f4a07119d05.js\",\"vendors-node_modules_github_clipboard-copy-element_dist_index_esm_js-node_modules_delegated-e-b37f7d.js\":\"https://github.githubassets.com/assets/vendors-node_modules_github_clipboard-copy-element_dist_index_esm_js-node_modules_delegated-e-b37f7d-faf2dd6bb4f7.js\",\"app_assets_modules_github_command-palette_items_help-item_ts-app_assets_modules_github_comman-7e29fd.js\":\"https://github.githubassets.com/assets/app_assets_modules_github_command-palette_items_help-item_ts-app_assets_modules_github_comman-7e29fd-dc749f273a8c.js\"}"
        }
      ]
    }
  ]
}