{
  "cookies": [
    {
      "name": "Indigo-SmS-Auth-Token",
      "value": "9m478eqv4929b8pjuld5ptfv6j",
      "domain": "learn.daily.gsbprint.net",
      "path": "/",
      "expires": -1,
      "httpOnly": false,
      "secure": true,
      "sameSite": "Lax"
    },
    {
      "name": "Indigo-SmS-Auth-Token",
      "value": "9m478eqv4929b8pjuld5ptfv6j",
      "domain": "learn.stg.printopt.org",
      "path": "/",
      "expires": -1,
      "httpOnly": false,
      "secure": true,
      "sameSite": "Lax"
    }
  ],
  "origins": []
}