{
  "cookies": [
    {
      "name": "Indigo-SmS-Auth-Token",
      "value": "asdS",
      "domain": "learn.daily.gsbprint.net",
      "path": "/",
      "expires": -1,
      "httpOnly": false,
      "secure": true,
      "sameSite": "Lax"
    },
    {
      "name": "UserCountry",
      "value": "US",
      "domain": "learn.daily.gsbprint.net",
      "path": "/",
      "expires": -1,
      "httpOnly": false,
      "secure": false,
      "sameSite": "Lax"
    },
    {
      "name": "GBPCountries",
      "value": "IE%2CGB%2CGG%2CJE",
      "domain": "learn.daily.gsbprint.net",
      "path": "/",
      "expires": -1,
      "httpOnly": false,
      "secure": false,
      "sameSite": "Lax"
    },
    {
      "name": "PDLEmail",
      "value": "",
      "domain": "learn.daily.gsbprint.net",
      "path": "/",
      "expires": -1,
      "httpOnly": false,
      "secure": false,
      "sameSite": "Lax"
    },
    {
      "name": "r",
      "value": "use1-staging",
      "domain": "learn.daily.gsbprint.net",
      "path": "/",
      "expires": -1,
      "httpOnly": true,
      "secure": true,
      "sameSite": "Lax"
    },
    {
      "name": "docebo_session",
      "value": "0cf3pmj2sb25rrvd8pnhq2qvde",
      "domain": "learn.daily.gsbprint.net",
      "path": "/",
      "expires": -1,
      "httpOnly": true,
      "secure": true,
      "sameSite": "None"
    },
    {
      "name": "YII_CSRF_TOKEN",
      "value": "3f7daee39f760f5d1a9efde8affef67ede3e9f29",
      "domain": "learn.daily.gsbprint.net",
      "path": "/",
      "expires": -1,
      "httpOnly": true,
      "secure": true,
      "sameSite": "None"
    },
    {
      "name": "AWSALB",
      "value": "74rckAfh2n0CCI7jMZrzFyedM+kxw3hk9fBfMWVJEIwL8XSExI4P5Ru1f+mEnh1+9miNnED5L5dueWRzDo4NMpeldPgod8UuzFTx1AKQFA+r55dc7/Xo/dn5G5Kj",
      "domain": "learn.daily.gsbprint.net",
      "path": "/",
      "expires": 1660403688.128463,
      "httpOnly": false,
      "secure": false,
      "sameSite": "Lax"
    },
    {
      "name": "AWSALBCORS",
      "value": "74rckAfh2n0CCI7jMZrzFyedM+kxw3hk9fBfMWVJEIwL8XSExI4P5Ru1f+mEnh1+9miNnED5L5dueWRzDo4NMpeldPgod8UuzFTx1AKQFA+r55dc7/Xo/dn5G5Kj",
      "domain": "learn.daily.gsbprint.net",
      "path": "/",
      "expires": 1660403688.128549,
      "httpOnly": false,
      "secure": true,
      "sameSite": "None"
    },
    {
      "name": "UserLang",
      "value": "en",
      "domain": "learn.daily.gsbprint.net",
      "path": "/",
      "expires": -1,
      "httpOnly": false,
      "secure": false,
      "sameSite": "Lax"
    }
  ],
  "origins": [
    {
      "origin": "https://learn.daily.gsbprint.net",
      "localStorage": [
        {
          "name": "GBPCountries",
          "value": "IE,GB,GG,JE"
        }
      ]
    }
  ]
}